@0,|,C,16,256,16,|,S,1,256,16,|,R,15,256,16,|,C,16,256,16,S,1,256,16,|,R,15,256,16,|,C,16,256,16,S,1,256,16,|,R,15,256,16,|,C,16,256,16,S,1,256,16,|,R,15,256,16,|,C,16,256,16,S,1,256,16,|,R,15,256,16,|,C,16,256,16,S,1,256,16,|,R,15,256,16,|,C,16,256,16,S,1,256,16,|,R,15,256,16,|,C,16,256,16,S,1,256,16,|,R,15,256,16,|,C,16,256,16,S,1,256,16,|,R,15,256,16,|,C,16,256,16,S,1,256,16,|,R,15,256,16,|,C,16,256,16,S,1,256,16,|,R,15,256,16,|,C,16,256,16,S,1,256,16,|,R,15,256,16,|,C,16,256,16,S,1,256,16,|,R,15,256,16,|,C,16,256,16,S,1,256,16,|,R,15,256,16,|,C,16,256,16,S,1,256,16,|,R,15,256,16,|,C,16,256,16
@1,|,C,16,256,16,|,R,0,256,16,|,S,2,256,16,|,C,16,256,16,R,0,256,16,|,S,2,256,16,|,C,16,256,16,R,0,256,16,|,S,2,256,16,|,C,16,256,16,R,0,256,16,|,S,2,256,16,|,C,16,256,16,R,0,256,16,|,S,2,256,16,|,C,16,256,16,R,0,256,16,|,S,2,256,16,|,C,16,256,16,R,0,256,16,|,S,2,256,16,|,C,16,256,16,R,0,256,16,|,S,2,256,16,|,C,16,256,16,R,0,256,16,|,S,2,256,16,|,C,16,256,16,R,0,256,16,|,S,2,256,16,|,C,16,256,16,R,0,256,16,|,S,2,256,16,|,C,16,256,16,R,0,256,16,|,S,2,256,16,|,C,16,256,16,R,0,256,16,|,S,2,256,16,|,C,16,256,16,R,0,256,16,|,S,2,256,16,|,C,16,256,16,R,0,256,16,|,S,2,256,16,|,C,16,256,16
@2,|,C,16,256,16,|,S,3,256,16,|,R,1,256,16,|,C,16,256,16,S,3,256,16,|,R,1,256,16,|,C,16,256,16,S,3,256,16,|,R,1,256,16,|,C,16,256,16,S,3,256,16,|,R,1,256,16,|,C,16,256,16,S,3,256,16,|,R,1,256,16,|,C,16,256,16,S,3,256,16,|,R,1,256,16,|,C,16,256,16,S,3,256,16,|,R,1,256,16,|,C,16,256,16,S,3,256,16,|,R,1,256,16,|,C,16,256,16,S,3,256,16,|,R,1,256,16,|,C,16,256,16,S,3,256,16,|,R,1,256,16,|,C,16,256,16,S,3,256,16,|,R,1,256,16,|,C,16,256,16,S,3,256,16,|,R,1,256,16,|,C,16,256,16,S,3,256,16,|,R,1,256,16,|,C,16,256,16,S,3,256,16,|,R,1,256,16,|,C,16,256,16,S,3,256,16,|,R,1,256,16,|,C,16,256,16
@3,|,C,16,256,16,|,R,2,256,16,|,S,4,256,16,|,C,16,256,16,R,2,256,16,|,S,4,256,16,|,C,16,256,16,R,2,256,16,|,S,4,256,16,|,C,16,256,16,R,2,256,16,|,S,4,256,16,|,C,16,256,16,R,2,256,16,|,S,4,256,16,|,C,16,256,16,R,2,256,16,|,S,4,256,16,|,C,16,256,16,R,2,256,16,|,S,4,256,16,|,C,16,256,16,R,2,256,16,|,S,4,256,16,|,C,16,256,16,R,2,256,16,|,S,4,256,16,|,C,16,256,16,R,2,256,16,|,S,4,256,16,|,C,16,256,16,R,2,256,16,|,S,4,256,16,|,C,16,256,16,R,2,256,16,|,S,4,256,16,|,C,16,256,16,R,2,256,16,|,S,4,256,16,|,C,16,256,16,R,2,256,16,|,S,4,256,16,|,C,16,256,16,R,2,256,16,|,S,4,256,16,|,C,16,256,16
@4,|,C,16,256,16,|,S,5,256,16,|,R,3,256,16,|,C,16,256,16,S,5,256,16,|,R,3,256,16,|,C,16,256,16,S,5,256,16,|,R,3,256,16,|,C,16,256,16,S,5,256,16,|,R,3,256,16,|,C,16,256,16,S,5,256,16,|,R,3,256,16,|,C,16,256,16,S,5,256,16,|,R,3,256,16,|,C,16,256,16,S,5,256,16,|,R,3,256,16,|,C,16,256,16,S,5,256,16,|,R,3,256,16,|,C,16,256,16,S,5,256,16,|,R,3,256,16,|,C,16,256,16,S,5,256,16,|,R,3,256,16,|,C,16,256,16,S,5,256,16,|,R,3,256,16,|,C,16,256,16,S,5,256,16,|,R,3,256,16,|,C,16,256,16,S,5,256,16,|,R,3,256,16,|,C,16,256,16,S,5,256,16,|,R,3,256,16,|,C,16,256,16,S,5,256,16,|,R,3,256,16,|,C,16,256,16
@5,|,C,16,256,16,|,R,4,256,16,|,S,6,256,16,|,C,16,256,16,R,4,256,16,|,S,6,256,16,|,C,16,256,16,R,4,256,16,|,S,6,256,16,|,C,16,256,16,R,4,256,16,|,S,6,256,16,|,C,16,256,16,R,4,256,16,|,S,6,256,16,|,C,16,256,16,R,4,256,16,|,S,6,256,16,|,C,16,256,16,R,4,256,16,|,S,6,256,16,|,C,16,256,16,R,4,256,16,|,S,6,256,16,|,C,16,256,16,R,4,256,16,|,S,6,256,16,|,C,16,256,16,R,4,256,16,|,S,6,256,16,|,C,16,256,16,R,4,256,16,|,S,6,256,16,|,C,16,256,16,R,4,256,16,|,S,6,256,16,|,C,16,256,16,R,4,256,16,|,S,6,256,16,|,C,16,256,16,R,4,256,16,|,S,6,256,16,|,C,16,256,16,R,4,256,16,|,S,6,256,16,|,C,16,256,16
@6,|,C,16,256,16,|,S,7,256,16,|,R,5,256,16,|,C,16,256,16,S,7,256,16,|,R,5,256,16,|,C,16,256,16,S,7,256,16,|,R,5,256,16,|,C,16,256,16,S,7,256,16,|,R,5,256,16,|,C,16,256,16,S,7,256,16,|,R,5,256,16,|,C,16,256,16,S,7,256,16,|,R,5,256,16,|,C,16,256,16,S,7,256,16,|,R,5,256,16,|,C,16,256,16,S,7,256,16,|,R,5,256,16,|,C,16,256,16,S,7,256,16,|,R,5,256,16,|,C,16,256,16,S,7,256,16,|,R,5,256,16,|,C,16,256,16,S,7,256,16,|,R,5,256,16,|,C,16,256,16,S,7,256,16,|,R,5,256,16,|,C,16,256,16,S,7,256,16,|,R,5,256,16,|,C,16,256,16,S,7,256,16,|,R,5,256,16,|,C,16,256,16,S,7,256,16,|,R,5,256,16,|,C,16,256,16
@7,|,C,16,256,16,|,R,6,256,16,|,S,8,256,16,|,C,16,256,16,R,6,256,16,|,S,8,256,16,|,C,16,256,16,R,6,256,16,|,S,8,256,16,|,C,16,256,16,R,6,256,16,|,S,8,256,16,|,C,16,256,16,R,6,256,16,|,S,8,256,16,|,C,16,256,16,R,6,256,16,|,S,8,256,16,|,C,16,256,16,R,6,256,16,|,S,8,256,16,|,C,16,256,16,R,6,256,16,|,S,8,256,16,|,C,16,256,16,R,6,256,16,|,S,8,256,16,|,C,16,256,16,R,6,256,16,|,S,8,256,16,|,C,16,256,16,R,6,256,16,|,S,8,256,16,|,C,16,256,16,R,6,256,16,|,S,8,256,16,|,C,16,256,16,R,6,256,16,|,S,8,256,16,|,C,16,256,16,R,6,256,16,|,S,8,256,16,|,C,16,256,16,R,6,256,16,|,S,8,256,16,|,C,16,256,16
@8,|,C,16,256,16,|,S,9,256,16,|,R,7,256,16,|,C,16,256,16,S,9,256,16,|,R,7,256,16,|,C,16,256,16,S,9,256,16,|,R,7,256,16,|,C,16,256,16,S,9,256,16,|,R,7,256,16,|,C,16,256,16,S,9,256,16,|,R,7,256,16,|,C,16,256,16,S,9,256,16,|,R,7,256,16,|,C,16,256,16,S,9,256,16,|,R,7,256,16,|,C,16,256,16,S,9,256,16,|,R,7,256,16,|,C,16,256,16,S,9,256,16,|,R,7,256,16,|,C,16,256,16,S,9,256,16,|,R,7,256,16,|,C,16,256,16,S,9,256,16,|,R,7,256,16,|,C,16,256,16,S,9,256,16,|,R,7,256,16,|,C,16,256,16,S,9,256,16,|,R,7,256,16,|,C,16,256,16,S,9,256,16,|,R,7,256,16,|,C,16,256,16,S,9,256,16,|,R,7,256,16,|,C,16,256,16
@9,|,C,16,256,16,|,R,8,256,16,|,S,10,256,16,|,C,16,256,16,R,8,256,16,|,S,10,256,16,|,C,16,256,16,R,8,256,16,|,S,10,256,16,|,C,16,256,16,R,8,256,16,|,S,10,256,16,|,C,16,256,16,R,8,256,16,|,S,10,256,16,|,C,16,256,16,R,8,256,16,|,S,10,256,16,|,C,16,256,16,R,8,256,16,|,S,10,256,16,|,C,16,256,16,R,8,256,16,|,S,10,256,16,|,C,16,256,16,R,8,256,16,|,S,10,256,16,|,C,16,256,16,R,8,256,16,|,S,10,256,16,|,C,16,256,16,R,8,256,16,|,S,10,256,16,|,C,16,256,16,R,8,256,16,|,S,10,256,16,|,C,16,256,16,R,8,256,16,|,S,10,256,16,|,C,16,256,16,R,8,256,16,|,S,10,256,16,|,C,16,256,16,R,8,256,16,|,S,10,256,16,|,C,16,256,16
@10,|,C,16,256,16,|,S,11,256,16,|,R,9,256,16,|,C,16,256,16,S,11,256,16,|,R,9,256,16,|,C,16,256,16,S,11,256,16,|,R,9,256,16,|,C,16,256,16,S,11,256,16,|,R,9,256,16,|,C,16,256,16,S,11,256,16,|,R,9,256,16,|,C,16,256,16,S,11,256,16,|,R,9,256,16,|,C,16,256,16,S,11,256,16,|,R,9,256,16,|,C,16,256,16,S,11,256,16,|,R,9,256,16,|,C,16,256,16,S,11,256,16,|,R,9,256,16,|,C,16,256,16,S,11,256,16,|,R,9,256,16,|,C,16,256,16,S,11,256,16,|,R,9,256,16,|,C,16,256,16,S,11,256,16,|,R,9,256,16,|,C,16,256,16,S,11,256,16,|,R,9,256,16,|,C,16,256,16,S,11,256,16,|,R,9,256,16,|,C,16,256,16,S,11,256,16,|,R,9,256,16,|,C,16,256,16
@11,|,C,16,256,16,|,R,10,256,16,|,S,12,256,16,|,C,16,256,16,R,10,256,16,|,S,12,256,16,|,C,16,256,16,R,10,256,16,|,S,12,256,16,|,C,16,256,16,R,10,256,16,|,S,12,256,16,|,C,16,256,16,R,10,256,16,|,S,12,256,16,|,C,16,256,16,R,10,256,16,|,S,12,256,16,|,C,16,256,16,R,10,256,16,|,S,12,256,16,|,C,16,256,16,R,10,256,16,|,S,12,256,16,|,C,16,256,16,R,10,256,16,|,S,12,256,16,|,C,16,256,16,R,10,256,16,|,S,12,256,16,|,C,16,256,16,R,10,256,16,|,S,12,256,16,|,C,16,256,16,R,10,256,16,|,S,12,256,16,|,C,16,256,16,R,10,256,16,|,S,12,256,16,|,C,16,256,16,R,10,256,16,|,S,12,256,16,|,C,16,256,16,R,10,256,16,|,S,12,256,16,|,C,16,256,16
@12,|,C,16,256,16,|,S,13,256,16,|,R,11,256,16,|,C,16,256,16,S,13,256,16,|,R,11,256,16,|,C,16,256,16,S,13,256,16,|,R,11,256,16,|,C,16,256,16,S,13,256,16,|,R,11,256,16,|,C,16,256,16,S,13,256,16,|,R,11,256,16,|,C,16,256,16,S,13,256,16,|,R,11,256,16,|,C,16,256,16,S,13,256,16,|,R,11,256,16,|,C,16,256,16,S,13,256,16,|,R,11,256,16,|,C,16,256,16,S,13,256,16,|,R,11,256,16,|,C,16,256,16,S,13,256,16,|,R,11,256,16,|,C,16,256,16,S,13,256,16,|,R,11,256,16,|,C,16,256,16,S,13,256,16,|,R,11,256,16,|,C,16,256,16,S,13,256,16,|,R,11,256,16,|,C,16,256,16,S,13,256,16,|,R,11,256,16,|,C,16,256,16,S,13,256,16,|,R,11,256,16,|,C,16,256,16
@13,|,C,16,256,16,|,R,12,256,16,|,S,14,256,16,|,C,16,256,16,R,12,256,16,|,S,14,256,16,|,C,16,256,16,R,12,256,16,|,S,14,256,16,|,C,16,256,16,R,12,256,16,|,S,14,256,16,|,C,16,256,16,R,12,256,16,|,S,14,256,16,|,C,16,256,16,R,12,256,16,|,S,14,256,16,|,C,16,256,16,R,12,256,16,|,S,14,256,16,|,C,16,256,16,R,12,256,16,|,S,14,256,16,|,C,16,256,16,R,12,256,16,|,S,14,256,16,|,C,16,256,16,R,12,256,16,|,S,14,256,16,|,C,16,256,16,R,12,256,16,|,S,14,256,16,|,C,16,256,16,R,12,256,16,|,S,14,256,16,|,C,16,256,16,R,12,256,16,|,S,14,256,16,|,C,16,256,16,R,12,256,16,|,S,14,256,16,|,C,16,256,16,R,12,256,16,|,S,14,256,16,|,C,16,256,16
@14,|,C,16,256,16,|,S,15,256,16,|,R,13,256,16,|,C,16,256,16,S,15,256,16,|,R,13,256,16,|,C,16,256,16,S,15,256,16,|,R,13,256,16,|,C,16,256,16,S,15,256,16,|,R,13,256,16,|,C,16,256,16,S,15,256,16,|,R,13,256,16,|,C,16,256,16,S,15,256,16,|,R,13,256,16,|,C,16,256,16,S,15,256,16,|,R,13,256,16,|,C,16,256,16,S,15,256,16,|,R,13,256,16,|,C,16,256,16,S,15,256,16,|,R,13,256,16,|,C,16,256,16,S,15,256,16,|,R,13,256,16,|,C,16,256,16,S,15,256,16,|,R,13,256,16,|,C,16,256,16,S,15,256,16,|,R,13,256,16,|,C,16,256,16,S,15,256,16,|,R,13,256,16,|,C,16,256,16,S,15,256,16,|,R,13,256,16,|,C,16,256,16,S,15,256,16,|,R,13,256,16,|,C,16,256,16
@15,|,C,16,256,16,|,R,14,256,16,|,S,0,256,16,|,C,16,256,16,R,14,256,16,|,S,0,256,16,|,C,16,256,16,R,14,256,16,|,S,0,256,16,|,C,16,256,16,R,14,256,16,|,S,0,256,16,|,C,16,256,16,R,14,256,16,|,S,0,256,16,|,C,16,256,16,R,14,256,16,|,S,0,256,16,|,C,16,256,16,R,14,256,16,|,S,0,256,16,|,C,16,256,16,R,14,256,16,|,S,0,256,16,|,C,16,256,16,R,14,256,16,|,S,0,256,16,|,C,16,256,16,R,14,256,16,|,S,0,256,16,|,C,16,256,16,R,14,256,16,|,S,0,256,16,|,C,16,256,16,R,14,256,16,|,S,0,256,16,|,C,16,256,16,R,14,256,16,|,S,0,256,16,|,C,16,256,16,R,14,256,16,|,S,0,256,16,|,C,16,256,16,R,14,256,16,|,S,0,256,16,|,C,16,256,16
